method,accuracy,coverage,n_scored
entity_llm,0.16666666666666666,1.0,12
entity_mode,0.08333333333333333,1.0,12
knn_mode,0.08333333333333333,1.0,12
